make,model,year
"Pena, Sanders and Wright",Personal,1990
"Stephenson, Bryan and Perry",Center,1995
"Jones, Evans and Harris",Raise,1999
Howard Ltd,Involve,2003
"Montoya, Green and Bass",Name,2018
Diaz-Booker,Suggest,2004
Lee-Morgan,Above,2007
Bell and Sons,Push,2007
Cole-Hill,Lawyer,1993
"Collins, Perez and Johnson",Just,1992
"Parker, Williams and Bauer",Organization,1999
Berger Inc,Thought,2006
"Webster, Allen and Hopkins",Hotel,2011
Anderson PLC,Fear,2015
Anderson-Webb,Remain,2019
Thomas-Jordan,Knowledge,2023
King LLC,Understand,1992
Hayes Group,Happy,1994
Diaz Group,Push,2015
Gay and Sons,Even,1992
Brown-Miller,Outside,2010
Gregory-Gray,Environment,2019
Barker PLC,Dinner,2013
"Taylor, Brown and Hunt",Weight,1999
Cooper-Watson,Evidence,2018
"Conway, Mcgee and Jordan",None,2006
Vasquez-Flowers,Let,2001
Stevens-Bennett,Story,1991
"Perez, Jones and Jenkins",Beyond,1992
"Crawford, Hampton and Everett",Eight,2018
Rivera LLC,Fill,1994
Greene-Miller,Any,1997
Powers-Williams,Teacher,2005
"Moran, Garcia and Garza",Enter,1991
